Antecedent,Consequent,Confidence
21,8,0.40441663202943395
"1, 18",8,0.4978818663668487
"12, 17",8,0.5111029756661213
"1, 12",8,0.48705302096177555
